Source File	Size	loadResources	load	generateSnapshots	load-configure	scan	loadDepInfo	loadInfo	checkR4R4B	generateNarratives	validate	loadLists	checkConformanceResources	checkConformanceResources2	checkConformanceResources3	generateLogicalMaps	validateExpressions	scanForUsageStats	checkURLsUnique	processProvenanceDetails	translate	generate1	generate2	generateLogicals	makeDependencies	generateExampleZip	generateValidationPack	scanProfilesForR5	scanExamplesForR5
/fsh-generated/resources/ImplementationGuide-ans.fhir.r4.fr.json	2067	-	0	0	0	0	0	0	17	117	0	0	0	0	0	0	0	0	0	0	0	110	117	0	0	0	6	0	3
fsh-generated/resources/ValueSet-jdv-hl7-v3-AdministrativeGender-cisis.json	1502	26	0	0	1	0	0	0	0	67	0	0	0	0	0	0	0	0	0	0	0	32	579	0	0	0	1	0	0
input/translations/fr/CodeSystem-v3-AdministrativeGender.po	0	-	0	0	0	0	0	0	1	20	0	0	1	0	0	0	0	0	0	0	0	31	121	0	0	0	1	0	1
/fsh-generated/includes/fsh-link-references.md	75	-	-	-	0	0	0	0	0	0	0	0	0	0	0	0	0	0	0	0	0	0	0	0	0	0	0	0	0
/fsh-generated/includes/menu.xml	1587	-	-	-	0	0	0	0	0	0	0	0	0	0	0	0	0	0	0	0	0	0	1	0	0	0	0	0	0
/input/pagecontent/index.md	117	-	-	-	0	0	0	0	0	0	0	0	0	0	0	0	0	0	0	0	0	0	0	0	0	0	0	0	0
/template/config	0	-	-	-	0	0	0	0	0	0	0	0	0	0	0	0	0	0	0	0	0	0	0	0	0	0	0	0	0
/template/config/_config.yml	140	-	-	-	0	0	0	0	0	0	0	0	0	0	0	0	0	0	0	0	0	0	0	0	0	0	0	0	0
/temp/pages/_includes/artifacts.xml	2611	-	-	-	-	-	-	-	-	-	-	-	-	-	-	-	-	-	-	-	-	-	1	0	0	0	0	0	0
